Identifiant PRM;Type de donnees;Date de debut;Date de fin;Grandeur physique;Grandeur metier;Etape metier;Unite;Pas en minutes
21139073685879;Courbe de charge;13/05/2020;18/06/2020;Energie active;Consommation;Comptage Brut;W;
Horodate;Valeur
2020-05-13T00:30:00+02:00;8608
2020-05-13T01:00:00+02:00;5890
2020-05-13T01:30:00+02:00;5062
2020-05-13T02:00:00+02:00;5066
2020-05-13T02:30:00+02:00;4110
2020-05-13T03:00:00+02:00;3422
2020-05-13T03:30:00+02:00;2544
2020-05-13T04:00:00+02:00;3486
2020-05-13T04:30:00+02:00;2942
2020-05-13T05:00:00+02:00;3518
2020-05-13T05:30:00+02:00;5608
2020-05-13T06:00:00+02:00;9714
2020-05-13T06:30:00+02:00;5560
2020-05-13T07:00:00+02:00;4012
2020-05-13T07:30:00+02:00;7334
2020-05-13T08:00:00+02:00;1860
2020-05-13T08:30:00+02:00;1714
2020-05-13T09:00:00+02:00;2096
2020-05-13T09:30:00+02:00;1450
2020-05-13T10:00:00+02:00;1242
2020-05-13T10:30:00+02:00;1554
2020-05-13T11:00:00+02:00;1134
2020-05-13T11:30:00+02:00;1252
2020-05-13T12:00:00+02:00;1180
2020-05-13T12:30:00+02:00;2946
2020-05-13T13:00:00+02:00;3506
2020-05-13T13:30:00+02:00;5814
2020-05-13T14:00:00+02:00;5496
2020-05-13T14:30:00+02:00;4252
2020-05-13T15:00:00+02:00;2648
2020-05-13T15:30:00+02:00;2338
2020-05-13T16:00:00+02:00;2198
2020-05-13T16:30:00+02:00;2144
2020-05-13T17:00:00+02:00;2672
2020-05-13T17:30:00+02:00;2142
2020-05-13T18:00:00+02:00;1462
2020-05-13T18:30:00+02:00;1954
2020-05-13T19:00:00+02:00;1562
2020-05-13T19:30:00+02:00;1608
2020-05-13T20:00:00+02:00;1590
2020-05-13T20:30:00+02:00;1270
2020-05-13T21:00:00+02:00;1344
2020-05-13T21:30:00+02:00;1694
2020-05-13T22:00:00+02:00;1882
2020-05-13T22:30:00+02:00;2168
2020-05-13T23:00:00+02:00;6162
2020-05-13T23:30:00+02:00;6028
2020-05-14T00:00:00+02:00;7498
2020-05-14T00:30:00+02:00;6478
2020-05-14T01:00:00+02:00;1882
2020-05-14T01:30:00+02:00;2146
2020-05-14T02:00:00+02:00;4066
2020-05-14T02:30:00+02:00;4374
2020-05-14T03:00:00+02:00;1786
2020-05-14T03:30:00+02:00;2316
2020-05-14T04:00:00+02:00;1898
2020-05-14T04:30:00+02:00;2408
2020-05-14T05:00:00+02:00;3234
2020-05-14T05:30:00+02:00;2912
2020-05-14T06:00:00+02:00;11114
2020-05-14T06:30:00+02:00;5972
2020-05-14T07:00:00+02:00;6260
2020-05-14T07:30:00+02:00;5392
2020-05-14T08:00:00+02:00;1468
2020-05-14T08:30:00+02:00;1306
2020-05-14T09:00:00+02:00;1492
2020-05-14T09:30:00+02:00;932
2020-05-14T10:00:00+02:00;750
2020-05-14T10:30:00+02:00;1188
2020-05-14T11:00:00+02:00;766
2020-05-14T11:30:00+02:00;1000
2020-05-14T12:00:00+02:00;1642
2020-05-14T12:30:00+02:00;588
2020-05-14T13:00:00+02:00;2364
2020-05-14T13:30:00+02:00;3856
2020-05-14T14:00:00+02:00;2784
2020-05-14T14:30:00+02:00;1610
2020-05-14T15:00:00+02:00;1600
2020-05-14T15:30:00+02:00;1534
2020-05-14T16:00:00+02:00;1626
2020-05-14T16:30:00+02:00;2308
2020-05-14T17:00:00+02:00;1594
2020-05-14T17:30:00+02:00;1542
2020-05-14T18:00:00+02:00;2206
2020-05-14T18:30:00+02:00;2708
2020-05-14T19:00:00+02:00;2350
2020-05-14T19:30:00+02:00;2382
2020-05-14T20:00:00+02:00;1610
2020-05-14T20:30:00+02:00;1304
2020-05-14T21:00:00+02:00;1310
2020-05-14T21:30:00+02:00;1404
2020-05-14T22:00:00+02:00;1262
2020-05-14T22:30:00+02:00;1876
2020-05-14T23:00:00+02:00;5512
2020-05-14T23:30:00+02:00;7662
2020-05-15T00:00:00+02:00;4864
2020-05-15T00:30:00+02:00;6474
2020-05-15T01:00:00+02:00;2868
2020-05-15T01:30:00+02:00;3044
2020-05-15T02:00:00+02:00;3790
2020-05-15T02:30:00+02:00;3754
2020-05-15T03:00:00+02:00;3574
2020-05-15T03:30:00+02:00;1210
2020-05-15T04:00:00+02:00;2692
2020-05-15T04:30:00+02:00;3002
2020-05-15T05:00:00+02:00;2754
2020-05-15T05:30:00+02:00;4324
2020-05-15T06:00:00+02:00;8578
2020-05-15T06:30:00+02:00;6694
2020-05-15T07:00:00+02:00;3844
2020-05-15T07:30:00+02:00;1964
2020-05-15T08:00:00+02:00;1582
2020-05-15T08:30:00+02:00;1430
2020-05-15T09:00:00+02:00;934
2020-05-15T09:30:00+02:00;2136
2020-05-15T10:00:00+02:00;1250
2020-05-15T10:30:00+02:00;412
2020-05-15T11:00:00+02:00;914
2020-05-15T11:30:00+02:00;1098
2020-05-15T12:00:00+02:00;1902
2020-05-15T12:30:00+02:00;3378
2020-05-15T13:00:00+02:00;3264
2020-05-15T13:30:00+02:00;4558
2020-05-15T14:00:00+02:00;1758
2020-05-15T14:30:00+02:00;1668
2020-05-15T15:00:00+02:00;1816
2020-05-15T15:30:00+02:00;1894
2020-05-15T16:00:00+02:00;1670
2020-05-15T16:30:00+02:00;1628
2020-05-15T17:00:00+02:00;2714
2020-05-15T17:30:00+02:00;2118
2020-05-15T18:00:00+02:00;2028
2020-05-15T18:30:00+02:00;2680
2020-05-15T19:00:00+02:00;2304
2020-05-15T19:30:00+02:00;2422
2020-05-15T20:00:00+02:00;1990
2020-05-15T20:30:00+02:00;1392
2020-05-15T21:00:00+02:00;1402
2020-05-15T21:30:00+02:00;1354
2020-05-15T22:00:00+02:00;1264
2020-05-15T22:30:00+02:00;1340
2020-05-15T23:00:00+02:00;5200
2020-05-15T23:30:00+02:00;5170
2020-05-16T00:00:00+02:00;5772
2020-05-16T00:30:00+02:00;6388
2020-05-16T01:00:00+02:00;1540
2020-05-16T01:30:00+02:00;2720
2020-05-16T02:00:00+02:00;6128
2020-05-16T02:30:00+02:00;2314
2020-05-16T03:00:00+02:00;2784
2020-05-16T03:30:00+02:00;2524
2020-05-16T04:00:00+02:00;2868
2020-05-16T04:30:00+02:00;1078
2020-05-16T05:00:00+02:00;2938
2020-05-16T05:30:00+02:00;4470
2020-05-16T06:00:00+02:00;7848
2020-05-16T06:30:00+02:00;3600
2020-05-16T07:00:00+02:00;2042
2020-05-16T07:30:00+02:00;4822
2020-05-16T08:00:00+02:00;2290
2020-05-16T08:30:00+02:00;1168
2020-05-16T09:00:00+02:00;1800
2020-05-16T09:30:00+02:00;1116
2020-05-16T10:00:00+02:00;2700
2020-05-16T10:30:00+02:00;2064
2020-05-16T11:00:00+02:00;950
2020-05-16T11:30:00+02:00;626
2020-05-16T12:00:00+02:00;2178
2020-05-16T12:30:00+02:00;1260
2020-05-16T13:00:00+02:00;1446
2020-05-16T13:30:00+02:00;3048
2020-05-16T14:00:00+02:00;2300
2020-05-16T14:30:00+02:00;1512
2020-05-16T15:00:00+02:00;1520
2020-05-16T15:30:00+02:00;1594
2020-05-16T16:00:00+02:00;1460
2020-05-16T16:30:00+02:00;1592
2020-05-16T17:00:00+02:00;2160
2020-05-16T17:30:00+02:00;1444
2020-05-16T18:00:00+02:00;1690
2020-05-16T18:30:00+02:00;1512
2020-05-16T19:00:00+02:00;1478
2020-05-16T19:30:00+02:00;2504
2020-05-16T20:00:00+02:00;2348
2020-05-16T20:30:00+02:00;2208
2020-05-16T21:00:00+02:00;2060
2020-05-16T21:30:00+02:00;1324
2020-05-16T22:00:00+02:00;1360
2020-05-16T22:30:00+02:00;1348
2020-05-16T23:00:00+02:00;4802
2020-05-16T23:30:00+02:00;4866
2020-05-17T00:00:00+02:00;4924
2020-05-17T00:30:00+02:00;2086
2020-05-17T01:00:00+02:00;1872
2020-05-17T01:30:00+02:00;1588
2020-05-17T02:00:00+02:00;3074
2020-05-17T02:30:00+02:00;2720
2020-05-17T03:00:00+02:00;3288
2020-05-17T03:30:00+02:00;606
2020-05-17T04:00:00+02:00;2566
2020-05-17T04:30:00+02:00;2538
2020-05-17T05:00:00+02:00;1382
2020-05-17T05:30:00+02:00;1820
2020-05-17T06:00:00+02:00;6578
2020-05-17T06:30:00+02:00;5822
2020-05-17T07:00:00+02:00;2498
2020-05-17T07:30:00+02:00;7118
2020-05-17T08:00:00+02:00;3538
2020-05-17T08:30:00+02:00;1840
2020-05-17T09:00:00+02:00;324
2020-05-17T09:30:00+02:00;282
2020-05-17T10:00:00+02:00;314
2020-05-17T10:30:00+02:00;1056
2020-05-17T11:00:00+02:00;368
2020-05-17T11:30:00+02:00;304
2020-05-17T12:00:00+02:00;2572
2020-05-17T12:30:00+02:00;2040
2020-05-17T13:00:00+02:00;1986
2020-05-17T13:30:00+02:00;3100
2020-05-17T14:00:00+02:00;2476
2020-05-17T14:30:00+02:00;3320
2020-05-17T15:00:00+02:00;1554
2020-05-17T15:30:00+02:00;1458
2020-05-17T16:00:00+02:00;1556
2020-05-17T16:30:00+02:00;2166
2020-05-17T17:00:00+02:00;1716
2020-05-17T17:30:00+02:00;1558
2020-05-17T18:00:00+02:00;1700
2020-05-17T18:30:00+02:00;2428
2020-05-17T19:00:00+02:00;2356
2020-05-17T19:30:00+02:00;2352
2020-05-17T20:00:00+02:00;2230
2020-05-17T20:30:00+02:00;1372
2020-05-17T21:00:00+02:00;1296
2020-05-17T21:30:00+02:00;1334
2020-05-17T22:00:00+02:00;1366
2020-05-17T22:30:00+02:00;1350
2020-05-17T23:00:00+02:00;4838
2020-05-17T23:30:00+02:00;4902
2020-05-18T00:00:00+02:00;5008
2020-05-18T00:30:00+02:00;4860
2020-05-18T01:00:00+02:00;4880
2020-05-18T01:30:00+02:00;4094
2020-05-18T02:00:00+02:00;1960
2020-05-18T02:30:00+02:00;1992
2020-05-18T03:00:00+02:00;3208
2020-05-18T03:30:00+02:00;3174
2020-05-18T04:00:00+02:00;2788
2020-05-18T04:30:00+02:00;1888
2020-05-18T05:00:00+02:00;864
2020-05-18T05:30:00+02:00;6594
2020-05-18T06:00:00+02:00;4986
2020-05-18T06:30:00+02:00;2772
2020-05-18T07:00:00+02:00;2290
2020-05-18T07:30:00+02:00;3174
2020-05-18T08:00:00+02:00;1504
2020-05-18T08:30:00+02:00;1674
2020-05-18T09:00:00+02:00;1116
2020-05-18T09:30:00+02:00;684
2020-05-18T10:00:00+02:00;856
2020-05-18T10:30:00+02:00;640
2020-05-18T11:00:00+02:00;290
2020-05-18T11:30:00+02:00;860
2020-05-18T12:00:00+02:00;1472
2020-05-18T12:30:00+02:00;562
2020-05-18T13:00:00+02:00;2298
2020-05-18T13:30:00+02:00;1490
2020-05-18T14:00:00+02:00;1656
2020-05-18T14:30:00+02:00;1574
2020-05-18T15:00:00+02:00;1502
2020-05-18T15:30:00+02:00;1562
2020-05-18T16:00:00+02:00;1584
2020-05-18T16:30:00+02:00;1646
2020-05-18T17:00:00+02:00;1490
2020-05-18T17:30:00+02:00;1470
2020-05-18T18:00:00+02:00;1630
2020-05-18T18:30:00+02:00;1706
2020-05-18T19:00:00+02:00;2670
2020-05-18T19:30:00+02:00;2406
2020-05-18T20:00:00+02:00;2298
2020-05-18T20:30:00+02:00;2064
2020-05-18T21:00:00+02:00;1284
2020-05-18T21:30:00+02:00;1284
2020-05-18T22:00:00+02:00;1382
2020-05-18T22:30:00+02:00;1258
2020-05-18T23:00:00+02:00;4842
2020-05-18T23:30:00+02:00;4936
2020-05-19T00:00:00+02:00;4814
2020-05-19T00:30:00+02:00;3888
2020-05-19T01:00:00+02:00;1346
2020-05-19T01:30:00+02:00;1262
2020-05-19T02:00:00+02:00;1272
2020-05-19T02:30:00+02:00;1968
2020-05-19T03:00:00+02:00;2992
2020-05-19T03:30:00+02:00;1072
2020-05-19T04:00:00+02:00;350
2020-05-19T04:30:00+02:00;346
2020-05-19T05:00:00+02:00;1406
2020-05-19T05:30:00+02:00;2462
2020-05-19T06:00:00+02:00;4422
2020-05-19T06:30:00+02:00;2156
2020-05-19T07:00:00+02:00;1158
2020-05-19T07:30:00+02:00;1268
2020-05-19T08:00:00+02:00;948
2020-05-19T08:30:00+02:00;472
2020-05-19T09:00:00+02:00;310
2020-05-19T09:30:00+02:00;288
2020-05-19T10:00:00+02:00;352
2020-05-19T10:30:00+02:00;366
2020-05-19T11:00:00+02:00;316
2020-05-19T11:30:00+02:00;308
2020-05-19T12:00:00+02:00;410
2020-05-19T12:30:00+02:00;1318
2020-05-19T13:00:00+02:00;1826
2020-05-19T13:30:00+02:00;1850
2020-05-19T14:00:00+02:00;1574
2020-05-19T14:30:00+02:00;1504
2020-05-19T15:00:00+02:00;1580
2020-05-19T15:30:00+02:00;1608
2020-05-19T16:00:00+02:00;1508
2020-05-19T16:30:00+02:00;1578
2020-05-19T17:00:00+02:00;1732
2020-05-19T17:30:00+02:00;2084
2020-05-19T18:00:00+02:00;1594
2020-05-19T18:30:00+02:00;1860
2020-05-19T19:00:00+02:00;1540
2020-05-19T19:30:00+02:00;1572
2020-05-19T20:00:00+02:00;1536
2020-05-19T20:30:00+02:00;1414
2020-05-19T21:00:00+02:00;1302
2020-05-19T21:30:00+02:00;1266
2020-05-19T22:00:00+02:00;1326
2020-05-19T22:30:00+02:00;1342
2020-05-19T23:00:00+02:00;4812
2020-05-19T23:30:00+02:00;4844
2020-05-20T00:00:00+02:00;4878
2020-05-20T00:30:00+02:00;2296
2020-05-20T01:00:00+02:00;1268
2020-05-20T01:30:00+02:00;1272
2020-05-20T02:00:00+02:00;1730
2020-05-20T02:30:00+02:00;2530
2020-05-20T03:00:00+02:00;1258
2020-05-20T03:30:00+02:00;1296
2020-05-20T04:00:00+02:00;638
2020-05-20T04:30:00+02:00;472
2020-05-20T05:00:00+02:00;1138
2020-05-20T05:30:00+02:00;2674
2020-05-20T06:00:00+02:00;5818
2020-05-20T06:30:00+02:00;1820
2020-05-20T07:00:00+02:00;386
2020-05-20T07:30:00+02:00;564
2020-05-20T08:00:00+02:00;564
2020-05-20T08:30:00+02:00;436
2020-05-20T09:00:00+02:00;456
2020-05-20T09:30:00+02:00;364
2020-05-20T10:00:00+02:00;300
2020-05-20T10:30:00+02:00;316
2020-05-20T11:00:00+02:00;408
2020-05-20T11:30:00+02:00;1000
2020-05-20T12:00:00+02:00;1394
2020-05-20T12:30:00+02:00;1576
2020-05-20T13:00:00+02:00;2178
2020-05-20T13:30:00+02:00;2480
2020-05-20T14:00:00+02:00;2334
2020-05-20T14:30:00+02:00;1582
2020-05-20T15:00:00+02:00;1546
2020-05-20T15:30:00+02:00;1600
2020-05-20T16:00:00+02:00;1660
2020-05-20T16:30:00+02:00;1544
2020-05-20T17:00:00+02:00;1510
2020-05-20T17:30:00+02:00;1590
2020-05-20T18:00:00+02:00;1566
2020-05-20T18:30:00+02:00;1492
2020-05-20T19:00:00+02:00;1600
2020-05-20T19:30:00+02:00;1962
2020-05-20T20:00:00+02:00;1638
2020-05-20T20:30:00+02:00;1462
2020-05-20T21:00:00+02:00;1398
2020-05-20T21:30:00+02:00;1390
2020-05-20T22:00:00+02:00;1366
2020-05-20T22:30:00+02:00;1354
2020-05-20T23:00:00+02:00;4896
2020-05-20T23:30:00+02:00;4816
2020-05-21T00:00:00+02:00;4846
2020-05-21T00:30:00+02:00;1538
2020-05-21T01:00:00+02:00;1354
2020-05-21T01:30:00+02:00;1298
2020-05-21T02:00:00+02:00;1262
2020-05-21T02:30:00+02:00;2616
2020-05-21T03:00:00+02:00;1376
2020-05-21T03:30:00+02:00;1314
2020-05-21T04:00:00+02:00;674
2020-05-21T04:30:00+02:00;746
2020-05-21T05:00:00+02:00;830
2020-05-21T05:30:00+02:00;2378
2020-05-21T06:00:00+02:00;5116
2020-05-21T06:30:00+02:00;3502
2020-05-21T07:00:00+02:00;520
2020-05-21T07:30:00+02:00;1454
2020-05-21T08:00:00+02:00;808
2020-05-21T08:30:00+02:00;430
2020-05-21T09:00:00+02:00;404
2020-05-21T09:30:00+02:00;302
2020-05-21T10:00:00+02:00;276
2020-05-21T10:30:00+02:00;840
2020-05-21T11:00:00+02:00;2656
2020-05-21T11:30:00+02:00;630
2020-05-21T12:00:00+02:00;1198
2020-05-21T12:30:00+02:00;1724
2020-05-21T13:00:00+02:00;1218
2020-05-21T13:30:00+02:00;2068
2020-05-21T14:00:00+02:00;1558
2020-05-21T14:30:00+02:00;1504
2020-05-21T15:00:00+02:00;1658
2020-05-21T15:30:00+02:00;1656
2020-05-21T16:00:00+02:00;1646
2020-05-21T16:30:00+02:00;1550
2020-05-21T17:00:00+02:00;1938
2020-05-21T17:30:00+02:00;2252
2020-05-21T18:00:00+02:00;1836
2020-05-21T18:30:00+02:00;2074
2020-05-21T19:00:00+02:00;2094
2020-05-21T19:30:00+02:00;1656
2020-05-21T20:00:00+02:00;1680
2020-05-21T20:30:00+02:00;1448
2020-05-21T21:00:00+02:00;1438
2020-05-21T21:30:00+02:00;1304
2020-05-21T22:00:00+02:00;1276
2020-05-21T22:30:00+02:00;1346
2020-05-21T23:00:00+02:00;4958
2020-05-21T23:30:00+02:00;4886
2020-05-22T00:00:00+02:00;5080
2020-05-22T00:30:00+02:00;4018
2020-05-22T01:00:00+02:00;1580
2020-05-22T01:30:00+02:00;1500
2020-05-22T02:00:00+02:00;1520
2020-05-22T02:30:00+02:00;3308
2020-05-22T03:00:00+02:00;4056
2020-05-22T03:30:00+02:00;1796
2020-05-22T04:00:00+02:00;1138
2020-05-22T04:30:00+02:00;572
2020-05-22T05:00:00+02:00;1538
2020-05-22T05:30:00+02:00;2914
2020-05-22T06:00:00+02:00;2202
2020-05-22T06:30:00+02:00;510
2020-05-22T07:00:00+02:00;514
2020-05-22T07:30:00+02:00;810
2020-05-22T08:00:00+02:00;418
2020-05-22T08:30:00+02:00;604
2020-05-22T09:00:00+02:00;490
2020-05-22T09:30:00+02:00;372
2020-05-22T10:00:00+02:00;300
2020-05-22T10:30:00+02:00;292
2020-05-22T11:00:00+02:00;404
2020-05-22T11:30:00+02:00;306
2020-05-22T12:00:00+02:00;2002
2020-05-22T12:30:00+02:00;2372
2020-05-22T13:00:00+02:00;2250
2020-05-22T13:30:00+02:00;2428
2020-05-22T14:00:00+02:00;1592
2020-05-22T14:30:00+02:00;1684
2020-05-22T15:00:00+02:00;1628
2020-05-22T15:30:00+02:00;1590
2020-05-22T16:00:00+02:00;1618
2020-05-22T16:30:00+02:00;1594
2020-05-22T17:00:00+02:00;1694
2020-05-22T17:30:00+02:00;1888
2020-05-22T18:00:00+02:00;2992
2020-05-22T18:30:00+02:00;2534
2020-05-22T19:00:00+02:00;2804
2020-05-22T19:30:00+02:00;1632
2020-05-22T20:00:00+02:00;1576
2020-05-22T20:30:00+02:00;1408
2020-05-22T21:00:00+02:00;1408
2020-05-22T21:30:00+02:00;1380
2020-05-22T22:00:00+02:00;1366
2020-05-22T22:30:00+02:00;1262
2020-05-22T23:00:00+02:00;4860
2020-05-22T23:30:00+02:00;4948
2020-05-23T00:00:00+02:00;4870
2020-05-23T00:30:00+02:00;3232
2020-05-23T01:00:00+02:00;1326
2020-05-23T01:30:00+02:00;1330
2020-05-23T02:00:00+02:00;1246
2020-05-23T02:30:00+02:00;2712
2020-05-23T03:00:00+02:00;1308
2020-05-23T03:30:00+02:00;1248
2020-05-23T04:00:00+02:00;790
2020-05-23T04:30:00+02:00;306
2020-05-23T05:00:00+02:00;1360
2020-05-23T05:30:00+02:00;2306
2020-05-23T06:00:00+02:00;3116
2020-05-23T06:30:00+02:00;592
2020-05-23T07:00:00+02:00;422
2020-05-23T07:30:00+02:00;346
2020-05-23T08:00:00+02:00;344
2020-05-23T08:30:00+02:00;512
2020-05-23T09:00:00+02:00;372
2020-05-23T09:30:00+02:00;314
2020-05-23T10:00:00+02:00;1844
2020-05-23T10:30:00+02:00;676
2020-05-23T11:00:00+02:00;628
2020-05-23T11:30:00+02:00;468
2020-05-23T12:00:00+02:00;530
2020-05-23T12:30:00+02:00;820
2020-05-23T13:00:00+02:00;1224
2020-05-23T13:30:00+02:00;1946
2020-05-23T14:00:00+02:00;1578
2020-05-23T14:30:00+02:00;1624
2020-05-23T15:00:00+02:00;1526
2020-05-23T15:30:00+02:00;1532
2020-05-23T16:00:00+02:00;1572
2020-05-23T16:30:00+02:00;1922
2020-05-23T17:00:00+02:00;2696
2020-05-23T17:30:00+02:00;2054
2020-05-23T18:00:00+02:00;1588
2020-05-23T18:30:00+02:00;1472
2020-05-23T19:00:00+02:00;1810
2020-05-23T19:30:00+02:00;1872
2020-05-23T20:00:00+02:00;1572
2020-05-23T20:30:00+02:00;1278
2020-05-23T21:00:00+02:00;1346
2020-05-23T21:30:00+02:00;1346
2020-05-23T22:00:00+02:00;1274
2020-05-23T22:30:00+02:00;1312
2020-05-23T23:00:00+02:00;4844
2020-05-23T23:30:00+02:00;4832
2020-05-24T00:00:00+02:00;4920
2020-05-24T00:30:00+02:00;4848
2020-05-24T01:00:00+02:00;4948
2020-05-24T01:30:00+02:00;2094
2020-05-24T02:00:00+02:00;1252
2020-05-24T02:30:00+02:00;1252
2020-05-24T03:00:00+02:00;1362
2020-05-24T03:30:00+02:00;2306
2020-05-24T04:00:00+02:00;1264
2020-05-24T04:30:00+02:00;248
2020-05-24T05:00:00+02:00;306
2020-05-24T05:30:00+02:00;4672
2020-05-24T06:00:00+02:00;4954
2020-05-24T06:30:00+02:00;3302
2020-05-24T07:00:00+02:00;3556
2020-05-24T07:30:00+02:00;2030
2020-05-24T08:00:00+02:00;2382
2020-05-24T08:30:00+02:00;362
2020-05-24T09:00:00+02:00;300
2020-05-24T09:30:00+02:00;680
2020-05-24T10:00:00+02:00;352
2020-05-24T10:30:00+02:00;586
2020-05-24T11:00:00+02:00;522
2020-05-24T11:30:00+02:00;894
2020-05-24T12:00:00+02:00;710
2020-05-24T12:30:00+02:00;794
2020-05-24T13:00:00+02:00;2046
2020-05-24T13:30:00+02:00;2530
2020-05-24T14:00:00+02:00;2814
2020-05-24T14:30:00+02:00;1566
2020-05-24T15:00:00+02:00;1584
2020-05-24T15:30:00+02:00;1600
2020-05-24T16:00:00+02:00;1604
2020-05-24T16:30:00+02:00;2132
2020-05-24T17:00:00+02:00;1968
2020-05-24T17:30:00+02:00;1568
2020-05-24T18:00:00+02:00;1546
2020-05-24T18:30:00+02:00;1848
2020-05-24T19:00:00+02:00;1542
2020-05-24T19:30:00+02:00;1622
2020-05-24T20:00:00+02:00;1546
2020-05-24T20:30:00+02:00;1406
2020-05-24T21:00:00+02:00;1410
2020-05-24T21:30:00+02:00;1396
2020-05-24T22:00:00+02:00;1310
2020-05-24T22:30:00+02:00;1266
2020-05-24T23:00:00+02:00;4814
2020-05-24T23:30:00+02:00;4918
2020-05-25T00:00:00+02:00;4960
2020-05-25T00:30:00+02:00;4860
2020-05-25T01:00:00+02:00;4574
2020-05-25T01:30:00+02:00;1310
2020-05-25T02:00:00+02:00;1336
2020-05-25T02:30:00+02:00;1266
2020-05-25T03:00:00+02:00;1260
2020-05-25T03:30:00+02:00;2642
2020-05-25T04:00:00+02:00;782
2020-05-25T04:30:00+02:00;224
2020-05-25T05:00:00+02:00;244
2020-05-25T05:30:00+02:00;3442
2020-05-25T06:00:00+02:00;3648
2020-05-25T06:30:00+02:00;428
2020-05-25T07:00:00+02:00;298
2020-05-25T07:30:00+02:00;532
2020-05-25T08:00:00+02:00;600
2020-05-25T08:30:00+02:00;398
2020-05-25T09:00:00+02:00;522
2020-05-25T09:30:00+02:00;376
2020-05-25T10:00:00+02:00;442
2020-05-25T10:30:00+02:00;298
2020-05-25T11:00:00+02:00;296
2020-05-25T11:30:00+02:00;1046
2020-05-25T12:00:00+02:00;1552
2020-05-25T12:30:00+02:00;1324
2020-05-25T13:00:00+02:00;2706
2020-05-25T13:30:00+02:00;1902
2020-05-25T14:00:00+02:00;1764
2020-05-25T14:30:00+02:00;1508
2020-05-25T15:00:00+02:00;1500
2020-05-25T15:30:00+02:00;1884
2020-05-25T16:00:00+02:00;1962
2020-05-25T16:30:00+02:00;1522
2020-05-25T17:00:00+02:00;1596
2020-05-25T17:30:00+02:00;1506
2020-05-25T18:00:00+02:00;1662
2020-05-25T18:30:00+02:00;1946
2020-05-25T19:00:00+02:00;1554
2020-05-25T19:30:00+02:00;1516
2020-05-25T20:00:00+02:00;1456
2020-05-25T20:30:00+02:00;1366
2020-05-25T21:00:00+02:00;1394
2020-05-25T21:30:00+02:00;1262
2020-05-25T22:00:00+02:00;1332
2020-05-25T22:30:00+02:00;1348
2020-05-25T23:00:00+02:00;4808
2020-05-25T23:30:00+02:00;4838
2020-05-26T00:00:00+02:00;4924
2020-05-26T00:30:00+02:00;4748
2020-05-26T01:00:00+02:00;1260
2020-05-26T01:30:00+02:00;1380
2020-05-26T02:00:00+02:00;1366
2020-05-26T02:30:00+02:00;2602
2020-05-26T03:00:00+02:00;1810
2020-05-26T03:30:00+02:00;1238
2020-05-26T04:00:00+02:00;760
2020-05-26T04:30:00+02:00;2756
2020-05-26T05:00:00+02:00;1506
2020-05-26T05:30:00+02:00;2744
2020-05-26T06:00:00+02:00;2674
2020-05-26T06:30:00+02:00;1644
2020-05-26T07:00:00+02:00;1302
2020-05-26T07:30:00+02:00;1382
2020-05-26T08:00:00+02:00;408
2020-05-26T08:30:00+02:00;444
2020-05-26T09:00:00+02:00;302
2020-05-26T09:30:00+02:00;406
2020-05-26T10:00:00+02:00;390
2020-05-26T10:30:00+02:00;304
2020-05-26T11:00:00+02:00;348
2020-05-26T11:30:00+02:00;432
2020-05-26T12:00:00+02:00;292
2020-05-26T12:30:00+02:00;1454
2020-05-26T13:00:00+02:00;1400
2020-05-26T13:30:00+02:00;1580
2020-05-26T14:00:00+02:00;1612
2020-05-26T14:30:00+02:00;1604
2020-05-26T15:00:00+02:00;1578
2020-05-26T15:30:00+02:00;1528
2020-05-26T16:00:00+02:00;1528
2020-05-26T16:30:00+02:00;1594
2020-05-26T17:00:00+02:00;1544
2020-05-26T17:30:00+02:00;1566
2020-05-26T18:00:00+02:00;1572
2020-05-26T18:30:00+02:00;1930
2020-05-26T19:00:00+02:00;1572
2020-05-26T19:30:00+02:00;1620
2020-05-26T20:00:00+02:00;1476
2020-05-26T20:30:00+02:00;1302
2020-05-26T21:00:00+02:00;1322
2020-05-26T21:30:00+02:00;1388
2020-05-26T22:00:00+02:00;1256
2020-05-26T22:30:00+02:00;1252
2020-05-26T23:00:00+02:00;4904
2020-05-26T23:30:00+02:00;4880
2020-05-27T00:00:00+02:00;4842
2020-05-27T00:30:00+02:00;2778
2020-05-27T01:00:00+02:00;1358
2020-05-27T01:30:00+02:00;1236
2020-05-27T02:00:00+02:00;1252
2020-05-27T02:30:00+02:00;2880
2020-05-27T03:00:00+02:00;1334
2020-05-27T03:30:00+02:00;1958
2020-05-27T04:00:00+02:00;3654
2020-05-27T04:30:00+02:00;1370
2020-05-27T05:00:00+02:00;1606
2020-05-27T05:30:00+02:00;3228
2020-05-27T06:00:00+02:00;2028
2020-05-27T06:30:00+02:00;1500
2020-05-27T07:00:00+02:00;506
2020-05-27T07:30:00+02:00;396
2020-05-27T08:00:00+02:00;562
2020-05-27T08:30:00+02:00;638
2020-05-27T09:00:00+02:00;490
2020-05-27T09:30:00+02:00;404
2020-05-27T10:00:00+02:00;396
2020-05-27T10:30:00+02:00;288
2020-05-27T11:00:00+02:00;626
2020-05-27T11:30:00+02:00;1440
2020-05-27T12:00:00+02:00;1114
2020-05-27T12:30:00+02:00;760
2020-05-27T13:00:00+02:00;2060
2020-05-27T13:30:00+02:00;1764
2020-05-27T14:00:00+02:00;1482
2020-05-27T14:30:00+02:00;1594
2020-05-27T15:00:00+02:00;1556
2020-05-27T15:30:00+02:00;1512
2020-05-27T16:00:00+02:00;1634
2020-05-27T16:30:00+02:00;1618
2020-05-27T17:00:00+02:00;1470
2020-05-27T17:30:00+02:00;1564
2020-05-27T18:00:00+02:00;1592
2020-05-27T18:30:00+02:00;1904
2020-05-27T19:00:00+02:00;1574
2020-05-27T19:30:00+02:00;1618
2020-05-27T20:00:00+02:00;1504
2020-05-27T20:30:00+02:00;1346
2020-05-27T21:00:00+02:00;1354
2020-05-27T21:30:00+02:00;1352
2020-05-27T22:00:00+02:00;1236
2020-05-27T22:30:00+02:00;1290
2020-05-27T23:00:00+02:00;4950
2020-05-27T23:30:00+02:00;4824
2020-05-28T00:00:00+02:00;4840
2020-05-28T00:30:00+02:00;3150
2020-05-28T01:00:00+02:00;1362
2020-05-28T01:30:00+02:00;1322
2020-05-28T02:00:00+02:00;2392
2020-05-28T02:30:00+02:00;1970
2020-05-28T03:00:00+02:00;1272
2020-05-28T03:30:00+02:00;1262
2020-05-28T04:00:00+02:00;1328
2020-05-28T04:30:00+02:00;2700
2020-05-28T05:00:00+02:00;766
2020-05-28T05:30:00+02:00;2144
2020-05-28T06:00:00+02:00;4118
2020-05-28T06:30:00+02:00;2100
2020-05-28T07:00:00+02:00;686
2020-05-28T07:30:00+02:00;588
2020-05-28T08:00:00+02:00;514
2020-05-28T08:30:00+02:00;288
2020-05-28T09:00:00+02:00;258
2020-05-28T09:30:00+02:00;268
2020-05-28T10:00:00+02:00;378
2020-05-28T10:30:00+02:00;666
2020-05-28T11:00:00+02:00;1206
2020-05-28T11:30:00+02:00;430
2020-05-28T12:00:00+02:00;384
2020-05-28T12:30:00+02:00;2434
2020-05-28T13:00:00+02:00;2780
2020-05-28T13:30:00+02:00;2786
2020-05-28T14:00:00+02:00;2306
2020-05-28T14:30:00+02:00;1534
2020-05-28T15:00:00+02:00;1476
2020-05-28T15:30:00+02:00;1546
2020-05-28T16:00:00+02:00;1616
2020-05-28T16:30:00+02:00;1600
2020-05-28T17:00:00+02:00;2332
2020-05-28T17:30:00+02:00;1688
2020-05-28T18:00:00+02:00;1580
2020-05-28T18:30:00+02:00;1824
2020-05-28T19:00:00+02:00;1506
2020-05-28T19:30:00+02:00;1564
2020-05-28T20:00:00+02:00;1558
2020-05-28T20:30:00+02:00;1396
2020-05-28T21:00:00+02:00;1396
2020-05-28T21:30:00+02:00;1372
2020-05-28T22:00:00+02:00;1260
2020-05-28T22:30:00+02:00;1258
2020-05-28T23:00:00+02:00;4848
2020-05-28T23:30:00+02:00;4982
2020-05-29T00:00:00+02:00;4926
2020-05-29T00:30:00+02:00;1480
2020-05-29T01:00:00+02:00;1256
2020-05-29T01:30:00+02:00;1370
2020-05-29T02:00:00+02:00;2492
2020-05-29T02:30:00+02:00;1644
2020-05-29T03:00:00+02:00;1268
2020-05-29T03:30:00+02:00;1408
2020-05-29T04:00:00+02:00;1298
2020-05-29T04:30:00+02:00;2352
2020-05-29T05:00:00+02:00;874
2020-05-29T05:30:00+02:00;1328
2020-05-29T06:00:00+02:00;3984
2020-05-29T06:30:00+02:00;552
2020-05-29T07:00:00+02:00;392
2020-05-29T07:30:00+02:00;600
2020-05-29T08:00:00+02:00;566
2020-05-29T08:30:00+02:00;486
2020-05-29T09:00:00+02:00;386
2020-05-29T09:30:00+02:00;326
2020-05-29T10:00:00+02:00;260
2020-05-29T10:30:00+02:00;312
2020-05-29T11:00:00+02:00;434
2020-05-29T11:30:00+02:00;386
2020-05-29T12:00:00+02:00;592
2020-05-29T12:30:00+02:00;1422
2020-05-29T13:00:00+02:00;1182
2020-05-29T13:30:00+02:00;1870
2020-05-29T14:00:00+02:00;1566
2020-05-29T14:30:00+02:00;1444
2020-05-29T15:00:00+02:00;1486
2020-05-29T15:30:00+02:00;1572
2020-05-29T16:00:00+02:00;1498
2020-05-29T16:30:00+02:00;1464
2020-05-29T17:00:00+02:00;1620
2020-05-29T17:30:00+02:00;1524
2020-05-29T18:00:00+02:00;1460
2020-05-29T18:30:00+02:00;1924
2020-05-29T19:00:00+02:00;1526
2020-05-29T19:30:00+02:00;1550
2020-05-29T20:00:00+02:00;1438
2020-05-29T20:30:00+02:00;1378
2020-05-29T21:00:00+02:00;1408
2020-05-29T21:30:00+02:00;1382
2020-05-29T22:00:00+02:00;1324
2020-05-29T22:30:00+02:00;1270
2020-05-29T23:00:00+02:00;4882
2020-05-29T23:30:00+02:00;4826
2020-05-30T00:00:00+02:00;4858
2020-05-30T00:30:00+02:00;3194
2020-05-30T01:00:00+02:00;1300
2020-05-30T01:30:00+02:00;1272
2020-05-30T02:00:00+02:00;1326
2020-05-30T02:30:00+02:00;2820
2020-05-30T03:00:00+02:00;1274
2020-05-30T03:30:00+02:00;3252
2020-05-30T04:00:00+02:00;1492
2020-05-30T04:30:00+02:00;1332
2020-05-30T05:00:00+02:00;4198
2020-05-30T05:30:00+02:00;2126
2020-05-30T06:00:00+02:00;3130
2020-05-30T06:30:00+02:00;1222
2020-05-30T07:00:00+02:00;452
2020-05-30T07:30:00+02:00;346
2020-05-30T08:00:00+02:00;660
2020-05-30T08:30:00+02:00;1948
2020-05-30T09:00:00+02:00;1490
2020-05-30T09:30:00+02:00;356
2020-05-30T10:00:00+02:00;292
2020-05-30T10:30:00+02:00;806
2020-05-30T11:00:00+02:00;1362
2020-05-30T11:30:00+02:00;1754
2020-05-30T12:00:00+02:00;1284
2020-05-30T12:30:00+02:00;890
2020-05-30T13:00:00+02:00;2786
2020-05-30T13:30:00+02:00;1626
2020-05-30T14:00:00+02:00;1840
2020-05-30T14:30:00+02:00;1486
2020-05-30T15:00:00+02:00;1532
2020-05-30T15:30:00+02:00;1576
2020-05-30T16:00:00+02:00;1474
2020-05-30T16:30:00+02:00;1998
2020-05-30T17:00:00+02:00;1622
2020-05-30T17:30:00+02:00;1596
2020-05-30T18:00:00+02:00;1550
2020-05-30T18:30:00+02:00;2026
2020-05-30T19:00:00+02:00;1560
2020-05-30T19:30:00+02:00;1582
2020-05-30T20:00:00+02:00;1572
2020-05-30T20:30:00+02:00;1372
2020-05-30T21:00:00+02:00;1278
2020-05-30T21:30:00+02:00;1308
2020-05-30T22:00:00+02:00;1356
2020-05-30T22:30:00+02:00;1284
2020-05-30T23:00:00+02:00;4806
2020-05-30T23:30:00+02:00;4908
2020-05-31T00:00:00+02:00;4890
2020-05-31T00:30:00+02:00;4848
2020-05-31T01:00:00+02:00;4334
2020-05-31T01:30:00+02:00;1336
2020-05-31T02:00:00+02:00;1248
2020-05-31T02:30:00+02:00;1292
2020-05-31T03:00:00+02:00;1374
2020-05-31T03:30:00+02:00;2722
2020-05-31T04:00:00+02:00;1264
2020-05-31T04:30:00+02:00;1268
2020-05-31T05:00:00+02:00;3156
2020-05-31T05:30:00+02:00;2472
2020-05-31T06:00:00+02:00;6214
2020-05-31T06:30:00+02:00;3930
2020-05-31T07:00:00+02:00;1058
2020-05-31T07:30:00+02:00;352
2020-05-31T08:00:00+02:00;272
2020-05-31T08:30:00+02:00;414
2020-05-31T09:00:00+02:00;466
2020-05-31T09:30:00+02:00;314
2020-05-31T10:00:00+02:00;340
2020-05-31T10:30:00+02:00;426
2020-05-31T11:00:00+02:00;220
2020-05-31T11:30:00+02:00;330
2020-05-31T12:00:00+02:00;280
2020-05-31T12:30:00+02:00;358
2020-05-31T13:00:00+02:00;1124
2020-05-31T13:30:00+02:00;1562
2020-05-31T14:00:00+02:00;1456
2020-05-31T14:30:00+02:00;1470
2020-05-31T15:00:00+02:00;1548
2020-05-31T15:30:00+02:00;1538
2020-05-31T16:00:00+02:00;1446
2020-05-31T16:30:00+02:00;1468
2020-05-31T17:00:00+02:00;1546
2020-05-31T17:30:00+02:00;1468
2020-05-31T18:00:00+02:00;1476
2020-05-31T18:30:00+02:00;1848
2020-05-31T19:00:00+02:00;1500
2020-05-31T19:30:00+02:00;1566
2020-05-31T20:00:00+02:00;1496
2020-05-31T20:30:00+02:00;1286
2020-05-31T21:00:00+02:00;1400
2020-05-31T21:30:00+02:00;1324
2020-05-31T22:00:00+02:00;1290
2020-05-31T22:30:00+02:00;1346
2020-05-31T23:00:00+02:00;4796
2020-05-31T23:30:00+02:00;4886
2020-06-01T00:00:00+02:00;4828
2020-06-01T00:30:00+02:00;1242
2020-06-01T01:00:00+02:00;1346
2020-06-01T01:30:00+02:00;1370
2020-06-01T02:00:00+02:00;3272
2020-06-01T02:30:00+02:00;1310
2020-06-01T03:00:00+02:00;1236
2020-06-01T03:30:00+02:00;1336
2020-06-01T04:00:00+02:00;1354
2020-06-01T04:30:00+02:00;2220
2020-06-01T05:00:00+02:00;806
2020-06-01T05:30:00+02:00;2358
2020-06-01T06:00:00+02:00;4622
2020-06-01T06:30:00+02:00;806
2020-06-01T07:00:00+02:00;918
2020-06-01T07:30:00+02:00;890
2020-06-01T08:00:00+02:00;826
2020-06-01T08:30:00+02:00;430
2020-06-01T09:00:00+02:00;842
2020-06-01T09:30:00+02:00;324
2020-06-01T10:00:00+02:00;282
2020-06-01T10:30:00+02:00;402
2020-06-01T11:00:00+02:00;376
2020-06-01T11:30:00+02:00;300
2020-06-01T12:00:00+02:00;284
2020-06-01T12:30:00+02:00;1350
2020-06-01T13:00:00+02:00;1498
2020-06-01T13:30:00+02:00;1874
2020-06-01T14:00:00+02:00;3180
2020-06-01T14:30:00+02:00;1540
2020-06-01T15:00:00+02:00;1464
2020-06-01T15:30:00+02:00;1508
2020-06-01T16:00:00+02:00;1604
2020-06-01T16:30:00+02:00;1500
2020-06-01T17:00:00+02:00;1522
2020-06-01T17:30:00+02:00;1618
2020-06-01T18:00:00+02:00;2658
2020-06-01T18:30:00+02:00;2482
2020-06-01T19:00:00+02:00;1698
2020-06-01T19:30:00+02:00;1640
2020-06-01T20:00:00+02:00;1618
2020-06-01T20:30:00+02:00;1434
2020-06-01T21:00:00+02:00;1428
2020-06-01T21:30:00+02:00;1402
2020-06-01T22:00:00+02:00;1370
2020-06-01T22:30:00+02:00;1266
2020-06-01T23:00:00+02:00;4806
2020-06-01T23:30:00+02:00;4874
2020-06-02T00:00:00+02:00;4894
2020-06-02T00:30:00+02:00;4896
2020-06-02T01:00:00+02:00;2124
2020-06-02T01:30:00+02:00;1280
2020-06-02T02:00:00+02:00;1354
2020-06-02T02:30:00+02:00;1336
2020-06-02T03:00:00+02:00;2572
2020-06-02T03:30:00+02:00;1300
2020-06-02T04:00:00+02:00;1372
2020-06-02T04:30:00+02:00;1272
2020-06-02T05:00:00+02:00;2196
2020-06-02T05:30:00+02:00;306
2020-06-02T06:00:00+02:00;320
2020-06-02T06:30:00+02:00;4086
2020-06-02T07:00:00+02:00;664
2020-06-02T07:30:00+02:00;554
2020-06-02T08:00:00+02:00;632
2020-06-02T08:30:00+02:00;312
2020-06-02T09:00:00+02:00;272
2020-06-02T09:30:00+02:00;382
2020-06-02T10:00:00+02:00;612
2020-06-02T10:30:00+02:00;1660
2020-06-02T11:00:00+02:00;2808
2020-06-02T11:30:00+02:00;1764
2020-06-02T12:00:00+02:00;810
2020-06-02T12:30:00+02:00;550
2020-06-02T13:00:00+02:00;1010
2020-06-02T13:30:00+02:00;1730
2020-06-02T14:00:00+02:00;1934
2020-06-02T14:30:00+02:00;1884
2020-06-02T15:00:00+02:00;1730
2020-06-02T15:30:00+02:00;1584
2020-06-02T16:00:00+02:00;2314
2020-06-02T16:30:00+02:00;2518
2020-06-02T17:00:00+02:00;2712
2020-06-02T17:30:00+02:00;1486
2020-06-02T18:00:00+02:00;1554
2020-06-02T18:30:00+02:00;1758
2020-06-02T19:00:00+02:00;1570
2020-06-02T19:30:00+02:00;1614
2020-06-02T20:00:00+02:00;1568
2020-06-02T20:30:00+02:00;1424
2020-06-02T21:00:00+02:00;1352
2020-06-02T21:30:00+02:00;1566
2020-06-02T22:00:00+02:00;1678
2020-06-02T22:30:00+02:00;1612
2020-06-02T23:00:00+02:00;5086
2020-06-02T23:30:00+02:00;5178
2020-06-03T00:00:00+02:00;5236
2020-06-03T00:30:00+02:00;3162
2020-06-03T01:00:00+02:00;1500
2020-06-03T01:30:00+02:00;1608
2020-06-03T02:00:00+02:00;1580
2020-06-03T02:30:00+02:00;2900
2020-06-03T03:00:00+02:00;1572
2020-06-03T03:30:00+02:00;1602
2020-06-03T04:00:00+02:00;1502
2020-06-03T04:30:00+02:00;1536
2020-06-03T05:00:00+02:00;2366
2020-06-03T05:30:00+02:00;2252
2020-06-03T06:00:00+02:00;3426
2020-06-03T06:30:00+02:00;1044
2020-06-03T07:00:00+02:00;898
2020-06-03T07:30:00+02:00;680
2020-06-03T08:00:00+02:00;564
2020-06-03T08:30:00+02:00;552
2020-06-03T09:00:00+02:00;344
2020-06-03T09:30:00+02:00;370
2020-06-03T10:00:00+02:00;476
2020-06-03T10:30:00+02:00;366
2020-06-03T11:00:00+02:00;370
2020-06-03T11:30:00+02:00;474
2020-06-03T12:00:00+02:00;376
2020-06-03T12:30:00+02:00;2106
2020-06-03T13:00:00+02:00;1760
2020-06-03T13:30:00+02:00;1632
2020-06-03T14:00:00+02:00;1606
2020-06-03T14:30:00+02:00;1630
2020-06-03T15:00:00+02:00;1536
2020-06-03T15:30:00+02:00;1520
2020-06-03T16:00:00+02:00;1622
2020-06-03T16:30:00+02:00;1656
2020-06-03T17:00:00+02:00;1626
2020-06-03T17:30:00+02:00;1470
2020-06-03T18:00:00+02:00;1564
2020-06-03T18:30:00+02:00;1868
2020-06-03T19:00:00+02:00;1590
2020-06-03T19:30:00+02:00;1578
2020-06-03T20:00:00+02:00;1558
2020-06-03T20:30:00+02:00;1392
2020-06-03T21:00:00+02:00;1280
2020-06-03T21:30:00+02:00;1264
2020-06-03T22:00:00+02:00;1364
2020-06-03T22:30:00+02:00;1344
2020-06-03T23:00:00+02:00;4808
2020-06-03T23:30:00+02:00;4844
2020-06-04T00:00:00+02:00;4940
2020-06-04T00:30:00+02:00;3336
2020-06-04T01:00:00+02:00;1248
2020-06-04T01:30:00+02:00;1358
2020-06-04T02:00:00+02:00;1296
2020-06-04T02:30:00+02:00;2624
2020-06-04T03:00:00+02:00;1310
2020-06-04T03:30:00+02:00;1338
2020-06-04T04:00:00+02:00;1264
2020-06-04T04:30:00+02:00;1276
2020-06-04T05:00:00+02:00;2144
2020-06-04T05:30:00+02:00;2126
2020-06-04T06:00:00+02:00;3800
2020-06-04T06:30:00+02:00;916
2020-06-04T07:00:00+02:00;378
2020-06-04T07:30:00+02:00;602
2020-06-04T08:00:00+02:00;1028
2020-06-04T08:30:00+02:00;1034
2020-06-04T09:00:00+02:00;962
2020-06-04T09:30:00+02:00;364
2020-06-04T10:00:00+02:00;318
2020-06-04T10:30:00+02:00;438
2020-06-04T11:00:00+02:00;522
2020-06-04T11:30:00+02:00;376
2020-06-04T12:00:00+02:00;344
2020-06-04T12:30:00+02:00;1568
2020-06-04T13:00:00+02:00;1112
2020-06-04T13:30:00+02:00;1544
2020-06-04T14:00:00+02:00;3500
2020-06-04T14:30:00+02:00;1638
2020-06-04T15:00:00+02:00;1576
2020-06-04T15:30:00+02:00;1538
2020-06-04T16:00:00+02:00;1644
2020-06-04T16:30:00+02:00;1594
2020-06-04T17:00:00+02:00;1588
2020-06-04T17:30:00+02:00;1706
2020-06-04T18:00:00+02:00;1580
2020-06-04T18:30:00+02:00;1860
2020-06-04T19:00:00+02:00;1600
2020-06-04T19:30:00+02:00;1596
2020-06-04T20:00:00+02:00;1554
2020-06-04T20:30:00+02:00;1408
2020-06-04T21:00:00+02:00;1386
2020-06-04T21:30:00+02:00;1386
2020-06-04T22:00:00+02:00;1370
2020-06-04T22:30:00+02:00;1246
2020-06-04T23:00:00+02:00;4842
2020-06-04T23:30:00+02:00;4904
2020-06-05T00:00:00+02:00;4900
2020-06-05T00:30:00+02:00;2586
2020-06-05T01:00:00+02:00;1250
2020-06-05T01:30:00+02:00;1306
2020-06-05T02:00:00+02:00;2828
2020-06-05T02:30:00+02:00;1428
2020-06-05T03:00:00+02:00;1266
2020-06-05T03:30:00+02:00;1338
2020-06-05T04:00:00+02:00;904
2020-06-05T04:30:00+02:00;1630
2020-06-05T05:00:00+02:00;250
2020-06-05T05:30:00+02:00;2312
2020-06-05T06:00:00+02:00;3162
2020-06-05T06:30:00+02:00;1456
2020-06-05T07:00:00+02:00;1274
2020-06-05T07:30:00+02:00;958
2020-06-05T08:00:00+02:00;450
2020-06-05T08:30:00+02:00;464
2020-06-05T09:00:00+02:00;426
2020-06-05T09:30:00+02:00;390
2020-06-05T10:00:00+02:00;368
2020-06-05T10:30:00+02:00;338
2020-06-05T11:00:00+02:00;306
2020-06-05T11:30:00+02:00;422
2020-06-05T12:00:00+02:00;356
2020-06-05T12:30:00+02:00;1644
2020-06-05T13:00:00+02:00;1598
2020-06-05T13:30:00+02:00;3430
2020-06-05T14:00:00+02:00;1658
2020-06-05T14:30:00+02:00;1538
2020-06-05T15:00:00+02:00;1682
2020-06-05T15:30:00+02:00;1720
2020-06-05T16:00:00+02:00;1618
2020-06-05T16:30:00+02:00;1596
2020-06-05T17:00:00+02:00;1700
2020-06-05T17:30:00+02:00;1640
2020-06-05T18:00:00+02:00;1586
2020-06-05T18:30:00+02:00;1820
2020-06-05T19:00:00+02:00;1686
2020-06-05T19:30:00+02:00;1690
2020-06-05T20:00:00+02:00;1570
2020-06-05T20:30:00+02:00;1364
2020-06-05T21:00:00+02:00;1398
2020-06-05T21:30:00+02:00;1468
2020-06-05T22:00:00+02:00;1358
2020-06-05T22:30:00+02:00;1342
2020-06-05T23:00:00+02:00;4900
2020-06-05T23:30:00+02:00;5004
2020-06-06T00:00:00+02:00;4900
2020-06-06T00:30:00+02:00;2404
2020-06-06T01:00:00+02:00;1406
2020-06-06T01:30:00+02:00;1400
2020-06-06T02:00:00+02:00;1342
2020-06-06T02:30:00+02:00;2504
2020-06-06T03:00:00+02:00;1422
2020-06-06T03:30:00+02:00;1404
2020-06-06T04:00:00+02:00;944
2020-06-06T04:30:00+02:00;306
2020-06-06T05:00:00+02:00;1550
2020-06-06T05:30:00+02:00;1996
2020-06-06T06:00:00+02:00;1894
2020-06-06T06:30:00+02:00;1376
2020-06-06T07:00:00+02:00;488
2020-06-06T07:30:00+02:00;366
2020-06-06T08:00:00+02:00;606
2020-06-06T08:30:00+02:00;480
2020-06-06T09:00:00+02:00;322
2020-06-06T09:30:00+02:00;336
2020-06-06T10:00:00+02:00;1102
2020-06-06T10:30:00+02:00;1938
2020-06-06T11:00:00+02:00;1988
2020-06-06T11:30:00+02:00;1552
2020-06-06T12:00:00+02:00;410
2020-06-06T12:30:00+02:00;1752
2020-06-06T13:00:00+02:00;2330
2020-06-06T13:30:00+02:00;1858
2020-06-06T14:00:00+02:00;1592
2020-06-06T14:30:00+02:00;1584
2020-06-06T15:00:00+02:00;1554
2020-06-06T15:30:00+02:00;1466
2020-06-06T16:00:00+02:00;1516
2020-06-06T16:30:00+02:00;1612
2020-06-06T17:00:00+02:00;1838
2020-06-06T17:30:00+02:00;1506
2020-06-06T18:00:00+02:00;1430
2020-06-06T18:30:00+02:00;1894
2020-06-06T19:00:00+02:00;1650
2020-06-06T19:30:00+02:00;1826
2020-06-06T20:00:00+02:00;1562
2020-06-06T20:30:00+02:00;1424
2020-06-06T21:00:00+02:00;1318
2020-06-06T21:30:00+02:00;1278
2020-06-06T22:00:00+02:00;1354
2020-06-06T22:30:00+02:00;1280
2020-06-06T23:00:00+02:00;4816
2020-06-06T23:30:00+02:00;4892
2020-06-07T00:00:00+02:00;4828
2020-06-07T00:30:00+02:00;3700
2020-06-07T01:00:00+02:00;1306
2020-06-07T01:30:00+02:00;1342
2020-06-07T02:00:00+02:00;1234
2020-06-07T02:30:00+02:00;2652
2020-06-07T03:00:00+02:00;1362
2020-06-07T03:30:00+02:00;1338
2020-06-07T04:00:00+02:00;2556
2020-06-07T04:30:00+02:00;3646
2020-06-07T05:00:00+02:00;424
2020-06-07T05:30:00+02:00;1824
2020-06-07T06:00:00+02:00;6040
2020-06-07T06:30:00+02:00;3280
2020-06-07T07:00:00+02:00;462
2020-06-07T07:30:00+02:00;788
2020-06-07T08:00:00+02:00;576
2020-06-07T08:30:00+02:00;470
2020-06-07T09:00:00+02:00;396
2020-06-07T09:30:00+02:00;534
2020-06-07T10:00:00+02:00;2364
2020-06-07T10:30:00+02:00;450
2020-06-07T11:00:00+02:00;440
2020-06-07T11:30:00+02:00;898
2020-06-07T12:00:00+02:00;500
2020-06-07T12:30:00+02:00;588
2020-06-07T13:00:00+02:00;3098
2020-06-07T13:30:00+02:00;1514
2020-06-07T14:00:00+02:00;1560
2020-06-07T14:30:00+02:00;1622
2020-06-07T15:00:00+02:00;1572
2020-06-07T15:30:00+02:00;1564
2020-06-07T16:00:00+02:00;1580
2020-06-07T16:30:00+02:00;1574
2020-06-07T17:00:00+02:00;1636
2020-06-07T17:30:00+02:00;1556
2020-06-07T18:00:00+02:00;1754
2020-06-07T18:30:00+02:00;1634
2020-06-07T19:00:00+02:00;1610
2020-06-07T19:30:00+02:00;1558
2020-06-07T20:00:00+02:00;1542
2020-06-07T20:30:00+02:00;1298
2020-06-07T21:00:00+02:00;1296
2020-06-07T21:30:00+02:00;1296
2020-06-07T22:00:00+02:00;1360
2020-06-07T22:30:00+02:00;1266
2020-06-07T23:00:00+02:00;4772
2020-06-07T23:30:00+02:00;4870
2020-06-08T00:00:00+02:00;1554
2020-06-08T00:30:00+02:00;1268
2020-06-08T01:00:00+02:00;1280
2020-06-08T01:30:00+02:00;3232
2020-06-08T02:00:00+02:00;1332
2020-06-08T02:30:00+02:00;1290
2020-06-08T03:00:00+02:00;1270
2020-06-08T03:30:00+02:00;1330
2020-06-08T04:00:00+02:00;2216
2020-06-08T04:30:00+02:00;254
2020-06-08T05:00:00+02:00;258
2020-06-08T05:30:00+02:00;2836
2020-06-08T06:00:00+02:00;4460
2020-06-08T06:30:00+02:00;1942
2020-06-08T07:00:00+02:00;1660
2020-06-08T07:30:00+02:00;582
2020-06-08T08:00:00+02:00;792
2020-06-08T08:30:00+02:00;848
2020-06-08T09:00:00+02:00;1986
2020-06-08T09:30:00+02:00;2142
2020-06-08T10:00:00+02:00;2102
2020-06-08T10:30:00+02:00;1412
2020-06-08T11:00:00+02:00;570
2020-06-08T11:30:00+02:00;384
2020-06-08T12:00:00+02:00;442
2020-06-08T12:30:00+02:00;1596
2020-06-08T13:00:00+02:00;1362
2020-06-08T13:30:00+02:00;3380
2020-06-08T14:00:00+02:00;1502
2020-06-08T14:30:00+02:00;1534
2020-06-08T15:00:00+02:00;1712
2020-06-08T15:30:00+02:00;1638
2020-06-08T16:00:00+02:00;1562
2020-06-08T16:30:00+02:00;1620
2020-06-08T17:00:00+02:00;1574
2020-06-08T17:30:00+02:00;1604
2020-06-08T18:00:00+02:00;1686
2020-06-08T18:30:00+02:00;2650
2020-06-08T19:00:00+02:00;2360
2020-06-08T19:30:00+02:00;2406
2020-06-08T20:00:00+02:00;2246
2020-06-08T20:30:00+02:00;1394
2020-06-08T21:00:00+02:00;1398
2020-06-08T21:30:00+02:00;1382
2020-06-08T22:00:00+02:00;1356
2020-06-08T22:30:00+02:00;1360
2020-06-08T23:00:00+02:00;4910
2020-06-08T23:30:00+02:00;4902
2020-06-09T00:00:00+02:00;4876
2020-06-09T00:30:00+02:00;3790
2020-06-09T01:00:00+02:00;1262
2020-06-09T01:30:00+02:00;1390
2020-06-09T02:00:00+02:00;1292
2020-06-09T02:30:00+02:00;2864
2020-06-09T03:00:00+02:00;1356
2020-06-09T03:30:00+02:00;1282
2020-06-09T04:00:00+02:00;582
2020-06-09T04:30:00+02:00;246
2020-06-09T05:00:00+02:00;1254
2020-06-09T05:30:00+02:00;2926
2020-06-09T06:00:00+02:00;3838
2020-06-09T06:30:00+02:00;2028
2020-06-09T07:00:00+02:00;1206
2020-06-09T07:30:00+02:00;1594
2020-06-09T08:00:00+02:00;800
2020-06-09T08:30:00+02:00;550
2020-06-09T09:00:00+02:00;502
2020-06-09T09:30:00+02:00;392
2020-06-09T10:00:00+02:00;366
2020-06-09T10:30:00+02:00;2226
2020-06-09T11:00:00+02:00;2180
2020-06-09T11:30:00+02:00;2736
2020-06-09T12:00:00+02:00;2142
2020-06-09T12:30:00+02:00;1572
2020-06-09T13:00:00+02:00;2754
2020-06-09T13:30:00+02:00;2152
2020-06-09T14:00:00+02:00;1962
2020-06-09T14:30:00+02:00;1608
2020-06-09T15:00:00+02:00;1500
2020-06-09T15:30:00+02:00;1582
2020-06-09T16:00:00+02:00;1616
2020-06-09T16:30:00+02:00;1532
2020-06-09T17:00:00+02:00;1534
2020-06-09T17:30:00+02:00;1792
2020-06-09T18:00:00+02:00;2230
2020-06-09T18:30:00+02:00;2716
2020-06-09T19:00:00+02:00;2336
2020-06-09T19:30:00+02:00;2032
2020-06-09T20:00:00+02:00;1498
2020-06-09T20:30:00+02:00;1342
2020-06-09T21:00:00+02:00;1404
2020-06-09T21:30:00+02:00;1258
2020-06-09T22:00:00+02:00;1252
2020-06-09T22:30:00+02:00;1358
2020-06-09T23:00:00+02:00;4858
2020-06-09T23:30:00+02:00;4848
2020-06-10T00:00:00+02:00;4884
2020-06-10T00:30:00+02:00;3340
2020-06-10T01:00:00+02:00;1248
2020-06-10T01:30:00+02:00;1242
2020-06-10T02:00:00+02:00;1314
2020-06-10T02:30:00+02:00;2816
2020-06-10T03:00:00+02:00;1284
2020-06-10T03:30:00+02:00;1268
2020-06-10T04:00:00+02:00;834
2020-06-10T04:30:00+02:00;376
2020-06-10T05:00:00+02:00;1276
2020-06-10T05:30:00+02:00;2424
2020-06-10T06:00:00+02:00;3606
2020-06-10T06:30:00+02:00;1576
2020-06-10T07:00:00+02:00;1206
2020-06-10T07:30:00+02:00;1596
2020-06-10T08:00:00+02:00;844
2020-06-10T08:30:00+02:00;486
2020-06-10T09:00:00+02:00;488
2020-06-10T09:30:00+02:00;506
2020-06-10T10:00:00+02:00;560
2020-06-10T10:30:00+02:00;400
2020-06-10T11:00:00+02:00;524
2020-06-10T11:30:00+02:00;1434
2020-06-10T12:00:00+02:00;1318
2020-06-10T12:30:00+02:00;760
2020-06-10T13:00:00+02:00;2236
2020-06-10T13:30:00+02:00;1736
2020-06-10T14:00:00+02:00;1624
2020-06-10T14:30:00+02:00;1512
2020-06-10T15:00:00+02:00;1512
2020-06-10T15:30:00+02:00;1500
2020-06-10T16:00:00+02:00;1638
2020-06-10T16:30:00+02:00;1598
2020-06-10T17:00:00+02:00;1516
2020-06-10T17:30:00+02:00;1700
2020-06-10T18:00:00+02:00;1926
2020-06-10T18:30:00+02:00;2548
2020-06-10T19:00:00+02:00;2406
2020-06-10T19:30:00+02:00;2462
2020-06-10T20:00:00+02:00;1892
2020-06-10T20:30:00+02:00;1298
2020-06-10T21:00:00+02:00;1380
2020-06-10T21:30:00+02:00;1342
2020-06-10T22:00:00+02:00;1258
2020-06-10T22:30:00+02:00;1246
2020-06-10T23:00:00+02:00;4960
2020-06-10T23:30:00+02:00;4906
2020-06-11T00:00:00+02:00;4900
2020-06-11T00:30:00+02:00;4242
2020-06-11T01:00:00+02:00;1366
2020-06-11T01:30:00+02:00;1288
2020-06-11T02:00:00+02:00;1294
2020-06-11T02:30:00+02:00;1274
2020-06-11T03:00:00+02:00;2302
2020-06-11T03:30:00+02:00;330
2020-06-11T04:00:00+02:00;262
2020-06-11T04:30:00+02:00;264
2020-06-11T05:00:00+02:00;582
2020-06-11T05:30:00+02:00;2378
2020-06-11T06:00:00+02:00;4084
2020-06-11T06:30:00+02:00;2734
2020-06-11T07:00:00+02:00;2516
2020-06-11T07:30:00+02:00;1500
2020-06-11T08:00:00+02:00;814
2020-06-11T08:30:00+02:00;494
2020-06-11T09:00:00+02:00;436
2020-06-11T09:30:00+02:00;372
2020-06-11T10:00:00+02:00;306
2020-06-11T10:30:00+02:00;360
2020-06-11T11:00:00+02:00;438
2020-06-11T11:30:00+02:00;384
2020-06-11T12:00:00+02:00;318
2020-06-11T12:30:00+02:00;856
2020-06-11T13:00:00+02:00;1858
2020-06-11T13:30:00+02:00;3436
2020-06-11T14:00:00+02:00;1734
2020-06-11T14:30:00+02:00;1550
2020-06-11T15:00:00+02:00;1618
2020-06-11T15:30:00+02:00;1616
2020-06-11T16:00:00+02:00;1568
2020-06-11T16:30:00+02:00;1550
2020-06-11T17:00:00+02:00;1560
2020-06-11T17:30:00+02:00;2048
2020-06-11T18:00:00+02:00;2044
2020-06-11T18:30:00+02:00;2182
2020-06-11T19:00:00+02:00;2552
2020-06-11T19:30:00+02:00;2388
2020-06-11T20:00:00+02:00;1966
2020-06-11T20:30:00+02:00;1534
2020-06-11T21:00:00+02:00;1370
2020-06-11T21:30:00+02:00;1368
2020-06-11T22:00:00+02:00;1334
2020-06-11T22:30:00+02:00;1246
2020-06-11T23:00:00+02:00;4806
2020-06-11T23:30:00+02:00;4944
2020-06-12T00:00:00+02:00;4944
2020-06-12T00:30:00+02:00;2446
2020-06-12T01:00:00+02:00;1260
2020-06-12T01:30:00+02:00;1340
2020-06-12T02:00:00+02:00;1328
2020-06-12T02:30:00+02:00;2440
2020-06-12T03:00:00+02:00;1268
2020-06-12T03:30:00+02:00;1384
2020-06-12T04:00:00+02:00;926
2020-06-12T04:30:00+02:00;234
2020-06-12T05:00:00+02:00;1262
2020-06-12T05:30:00+02:00;1162
2020-06-12T06:00:00+02:00;3424
2020-06-12T06:30:00+02:00;1400
2020-06-12T07:00:00+02:00;700
2020-06-12T07:30:00+02:00;622
2020-06-12T08:00:00+02:00;640
2020-06-12T08:30:00+02:00;690
2020-06-12T09:00:00+02:00;652
2020-06-12T09:30:00+02:00;436
2020-06-12T10:00:00+02:00;696
2020-06-12T10:30:00+02:00;496
2020-06-12T11:00:00+02:00;536
2020-06-12T11:30:00+02:00;606
2020-06-12T12:00:00+02:00;806
2020-06-12T12:30:00+02:00;1084
2020-06-12T13:00:00+02:00;1988
2020-06-12T13:30:00+02:00;1906
2020-06-12T14:00:00+02:00;1652
2020-06-12T14:30:00+02:00;1582
2020-06-12T15:00:00+02:00;1516
2020-06-12T15:30:00+02:00;1516
2020-06-12T16:00:00+02:00;1616
2020-06-12T16:30:00+02:00;1558
2020-06-12T17:00:00+02:00;1530
2020-06-12T17:30:00+02:00;1474
2020-06-12T18:00:00+02:00;1556
2020-06-12T18:30:00+02:00;1886
2020-06-12T19:00:00+02:00;1650
2020-06-12T19:30:00+02:00;1578
2020-06-12T20:00:00+02:00;1540
2020-06-12T20:30:00+02:00;1262
2020-06-12T21:00:00+02:00;1294
2020-06-12T21:30:00+02:00;1328
2020-06-12T22:00:00+02:00;1310
2020-06-12T22:30:00+02:00;1254
2020-06-12T23:00:00+02:00;4802
2020-06-12T23:30:00+02:00;4936
2020-06-13T00:00:00+02:00;4824
2020-06-13T00:30:00+02:00;3460
2020-06-13T01:00:00+02:00;1346
2020-06-13T01:30:00+02:00;1274
2020-06-13T02:00:00+02:00;1238
2020-06-13T02:30:00+02:00;3850
2020-06-13T03:00:00+02:00;3452
2020-06-13T03:30:00+02:00;322
2020-06-13T04:00:00+02:00;366
2020-06-13T04:30:00+02:00;238
2020-06-13T05:00:00+02:00;1382
2020-06-13T05:30:00+02:00;2630
2020-06-13T06:00:00+02:00;3352
2020-06-13T06:30:00+02:00;1558
2020-06-13T07:00:00+02:00;1180
2020-06-13T07:30:00+02:00;1136
2020-06-13T08:00:00+02:00;746
2020-06-13T08:30:00+02:00;512
2020-06-13T09:00:00+02:00;302
2020-06-13T09:30:00+02:00;376
2020-06-13T10:00:00+02:00;2622
2020-06-13T10:30:00+02:00;2260
2020-06-13T11:00:00+02:00;1188
2020-06-13T11:30:00+02:00;978
2020-06-13T12:00:00+02:00;1658
2020-06-13T12:30:00+02:00;826
2020-06-13T13:00:00+02:00;1242
2020-06-13T13:30:00+02:00;3196
2020-06-13T14:00:00+02:00;1676
2020-06-13T14:30:00+02:00;1418
2020-06-13T15:00:00+02:00;1462
2020-06-13T15:30:00+02:00;1558
2020-06-13T16:00:00+02:00;1496
2020-06-13T16:30:00+02:00;1522
2020-06-13T17:00:00+02:00;1572
2020-06-13T17:30:00+02:00;1732
2020-06-13T18:00:00+02:00;1514
2020-06-13T18:30:00+02:00;1718
2020-06-13T19:00:00+02:00;1588
2020-06-13T19:30:00+02:00;1546
2020-06-13T20:00:00+02:00;1400
2020-06-13T20:30:00+02:00;1308
2020-06-13T21:00:00+02:00;1398
2020-06-13T21:30:00+02:00;1260
2020-06-13T22:00:00+02:00;1264
2020-06-13T22:30:00+02:00;1338
2020-06-13T23:00:00+02:00;4824
2020-06-13T23:30:00+02:00;4874
2020-06-14T00:00:00+02:00;4926
2020-06-14T00:30:00+02:00;4860
2020-06-14T01:00:00+02:00;2030
2020-06-14T01:30:00+02:00;1360
2020-06-14T02:00:00+02:00;1344
2020-06-14T02:30:00+02:00;2474
2020-06-14T03:00:00+02:00;3868
2020-06-14T03:30:00+02:00;1280
2020-06-14T04:00:00+02:00;294
2020-06-14T04:30:00+02:00;208
2020-06-14T05:00:00+02:00;202
2020-06-14T05:30:00+02:00;1258
2020-06-14T06:00:00+02:00;262
2020-06-14T06:30:00+02:00;1198
2020-06-14T07:00:00+02:00;2238
2020-06-14T07:30:00+02:00;1040
2020-06-14T08:00:00+02:00;2008
2020-06-14T08:30:00+02:00;2324
2020-06-14T09:00:00+02:00;1468
2020-06-14T09:30:00+02:00;904
2020-06-14T10:00:00+02:00;352
2020-06-14T10:30:00+02:00;264
2020-06-14T11:00:00+02:00;276
2020-06-14T11:30:00+02:00;1474
2020-06-14T12:00:00+02:00;1282
2020-06-14T12:30:00+02:00;1432
2020-06-14T13:00:00+02:00;1502
2020-06-14T13:30:00+02:00;2524
2020-06-14T14:00:00+02:00;2584
2020-06-14T14:30:00+02:00;2676
2020-06-14T15:00:00+02:00;1584
2020-06-14T15:30:00+02:00;1460
2020-06-14T16:00:00+02:00;1518
2020-06-14T16:30:00+02:00;1512
2020-06-14T17:00:00+02:00;1458
2020-06-14T17:30:00+02:00;1646
2020-06-14T18:00:00+02:00;1554
2020-06-14T18:30:00+02:00;1804
2020-06-14T19:00:00+02:00;1628
2020-06-14T19:30:00+02:00;1556
2020-06-14T20:00:00+02:00;1532
2020-06-14T20:30:00+02:00;1384
2020-06-14T21:00:00+02:00;1370
2020-06-14T21:30:00+02:00;1290
2020-06-14T22:00:00+02:00;1218
2020-06-14T22:30:00+02:00;1264
2020-06-14T23:00:00+02:00;4914
2020-06-14T23:30:00+02:00;4808
2020-06-15T00:00:00+02:00;4846
2020-06-15T00:30:00+02:00;3664
2020-06-15T01:00:00+02:00;1238
2020-06-15T01:30:00+02:00;1244
2020-06-15T02:00:00+02:00;1372
2020-06-15T02:30:00+02:00;2992
2020-06-15T03:00:00+02:00;940
2020-06-15T03:30:00+02:00;310
2020-06-15T04:00:00+02:00;276
2020-06-15T04:30:00+02:00;206
2020-06-15T05:00:00+02:00;1280
2020-06-15T05:30:00+02:00;2948
2020-06-15T06:00:00+02:00;3748
2020-06-15T06:30:00+02:00;1162
2020-06-15T07:00:00+02:00;336
2020-06-15T07:30:00+02:00;290
2020-06-15T08:00:00+02:00;766
2020-06-15T08:30:00+02:00;508
2020-06-15T09:00:00+02:00;492
2020-06-15T09:30:00+02:00;584
2020-06-15T10:00:00+02:00;506
2020-06-15T10:30:00+02:00;596
2020-06-15T11:00:00+02:00;672
2020-06-15T11:30:00+02:00;1888
2020-06-15T12:00:00+02:00;1468
2020-06-15T12:30:00+02:00;1970
2020-06-15T13:00:00+02:00;1264
2020-06-15T13:30:00+02:00;3436
2020-06-15T14:00:00+02:00;1644
2020-06-15T14:30:00+02:00;1574
2020-06-15T15:00:00+02:00;1472
2020-06-15T15:30:00+02:00;1640
2020-06-15T16:00:00+02:00;1536
2020-06-15T16:30:00+02:00;1536
2020-06-15T17:00:00+02:00;1634
2020-06-15T17:30:00+02:00;1534
2020-06-15T18:00:00+02:00;1652
2020-06-15T18:30:00+02:00;1704
2020-06-15T19:00:00+02:00;1768
2020-06-15T19:30:00+02:00;1620
2020-06-15T20:00:00+02:00;1554
2020-06-15T20:30:00+02:00;1368
2020-06-15T21:00:00+02:00;1368
2020-06-15T21:30:00+02:00;1346
2020-06-15T22:00:00+02:00;1352
2020-06-15T22:30:00+02:00;1304
2020-06-15T23:00:00+02:00;4912
2020-06-15T23:30:00+02:00;4844
2020-06-16T00:00:00+02:00;4786
2020-06-16T00:30:00+02:00;4800
2020-06-16T01:00:00+02:00;1358
2020-06-16T01:30:00+02:00;1238
2020-06-16T02:00:00+02:00;1254
2020-06-16T02:30:00+02:00;2938
2020-06-16T03:00:00+02:00;1168
2020-06-16T03:30:00+02:00;300
2020-06-16T04:00:00+02:00;302
2020-06-16T04:30:00+02:00;210
2020-06-16T05:00:00+02:00;1602
2020-06-16T05:30:00+02:00;1972
2020-06-16T06:00:00+02:00;4936
2020-06-16T06:30:00+02:00;1068
2020-06-16T07:00:00+02:00;396
2020-06-16T07:30:00+02:00;776
2020-06-16T08:00:00+02:00;502
2020-06-16T08:30:00+02:00;460
2020-06-16T09:00:00+02:00;378
2020-06-16T09:30:00+02:00;704
2020-06-16T10:00:00+02:00;698
2020-06-16T10:30:00+02:00;820
2020-06-16T11:00:00+02:00;1396
2020-06-16T11:30:00+02:00;1200
2020-06-16T12:00:00+02:00;1204
2020-06-16T12:30:00+02:00;1450
2020-06-16T13:00:00+02:00;962
2020-06-16T13:30:00+02:00;1750
2020-06-16T14:00:00+02:00;1574
2020-06-16T14:30:00+02:00;1522
2020-06-16T15:00:00+02:00;1578
2020-06-16T15:30:00+02:00;1544
2020-06-16T16:00:00+02:00;1534
2020-06-16T16:30:00+02:00;1586
2020-06-16T17:00:00+02:00;1512
2020-06-16T17:30:00+02:00;1478
2020-06-16T18:00:00+02:00;1658
2020-06-16T18:30:00+02:00;1972
2020-06-16T19:00:00+02:00;1574
2020-06-16T19:30:00+02:00;1578
2020-06-16T20:00:00+02:00;1538
2020-06-16T20:30:00+02:00;1294
2020-06-16T21:00:00+02:00;1300
2020-06-16T21:30:00+02:00;1360
2020-06-16T22:00:00+02:00;1342
2020-06-16T22:30:00+02:00;1262
2020-06-16T23:00:00+02:00;4846
2020-06-16T23:30:00+02:00;4952
2020-06-17T00:00:00+02:00;4930
2020-06-17T00:30:00+02:00;2296
2020-06-17T01:00:00+02:00;1254
2020-06-17T01:30:00+02:00;1356
2020-06-17T02:00:00+02:00;2200
2020-06-17T02:30:00+02:00;1964
2020-06-17T03:00:00+02:00;1356
2020-06-17T03:30:00+02:00;1304
2020-06-17T04:00:00+02:00;992
2020-06-17T04:30:00+02:00;1524
2020-06-17T05:00:00+02:00;324
2020-06-17T05:30:00+02:00;2496
2020-06-17T06:00:00+02:00;2402
2020-06-17T06:30:00+02:00;1072
2020-06-17T07:00:00+02:00;1444
2020-06-17T07:30:00+02:00;1230
2020-06-17T08:00:00+02:00;602
2020-06-17T08:30:00+02:00;382
2020-06-17T09:00:00+02:00;406
2020-06-17T09:30:00+02:00;378
2020-06-17T10:00:00+02:00;400
2020-06-17T10:30:00+02:00;450
2020-06-17T11:00:00+02:00;452
2020-06-17T11:30:00+02:00;540
2020-06-17T12:00:00+02:00;1242
2020-06-17T12:30:00+02:00;596
2020-06-17T13:00:00+02:00;1018
2020-06-17T13:30:00+02:00;1618
2020-06-17T14:00:00+02:00;1526
2020-06-17T14:30:00+02:00;1502
2020-06-17T15:00:00+02:00;1602
2020-06-17T15:30:00+02:00;1470
2020-06-17T16:00:00+02:00;1548
2020-06-17T16:30:00+02:00;1564
2020-06-17T17:00:00+02:00;1488
2020-06-17T17:30:00+02:00;1620
2020-06-17T18:00:00+02:00;1536
2020-06-17T18:30:00+02:00;1462
2020-06-17T19:00:00+02:00;1928
2020-06-17T19:30:00+02:00;1578
2020-06-17T20:00:00+02:00;1544
2020-06-17T20:30:00+02:00;1378
2020-06-17T21:00:00+02:00;1368
2020-06-17T21:30:00+02:00;1310
2020-06-17T22:00:00+02:00;1244
2020-06-17T22:30:00+02:00;1248
2020-06-17T23:00:00+02:00;4914
2020-06-17T23:30:00+02:00;4880
